<?xml version="1.0" encoding="utf-8" standalone="no"?>
<ApplicationInsights xmlns="http://schemas.microsoft.com/ApplicationInsights/2013/Settings" schemaVersion="2014-05-30">
  <InstrumentationKey>bd4b7528-817a-4de4-8d41-572e88af4a45</InstrumentationKey>
  <ContextInitializers>
  </ContextInitializers>
  <TelemetryInitializers>
    <Add type="com.microsoft.applicationinsights.web.extensibility.initializers.WebOperationIdTelemetryInitializer"/>
    <Add type="com.microsoft.applicationinsights.web.extensibility.initializers.WebOperationNameTelemetryInitializer"/>
	<Add type="com.microsoft.applicationinsights.web.extensibility.initializers.WebSessionTelemetryInitializer"/>
	<Add type="com.microsoft.applicationinsights.web.extensibility.initializers.WebUserTelemetryInitializer"/>
	<Add type="com.microsoft.applicationinsights.web.extensibility.initializers.WebUserAgentTelemetryInitializer"/>
  </TelemetryInitializers>
  <TelemetryModules>
    <Add type="com.microsoft.applicationinsights.web.extensibility.modules.WebRequestTrackingTelemetryModule"/>
    <Add type="com.microsoft.applicationinsights.web.extensibility.modules.WebSessionTrackingTelemetryModule"/>
    <Add type="com.microsoft.applicationinsights.web.extensibility.modules.WebUserTrackingTelemetryModule"/>	
  </TelemetryModules>
  <Channel>
    <!-- 
      Setting DeveloperMode to true will enable immediate transmission of the telemetry events, which can be helpful during the development process.
      Make sure to turn this off on production servers due to performance considerations.
    -->
    <DeveloperMode>false</DeveloperMode>
  </Channel>
  <DisableTelemetry>false</DisableTelemetry>
</ApplicationInsights>
