<?xml version="1.0" encoding="UTF-8"?>
<beans:beans xmlns="http://www.springframework.org/schema/security"
	xmlns:beans="http://www.springframework.org/schema/beans" xmlns:xsi="http://www.w3.org/2001/XMLSchema-instance"
	xsi:schemaLocation="http://www.springframework.org/schema/beans
	http://www.springframework.org/schema/beans/spring-beans.xsd
	http://www.springframework.org/schema/security
	http://www.springframework.org/schema/security/spring-security.xsd">
	
	<global-method-security secured-annotations="enabled" />

	<http auto-config="true" use-expressions="true"
		disable-url-rewriting="true">

		<!-- <csrf disabled="true"/> -->
		
		<headers>
			<header name="Server" value="pqr" />
			<frame-options policy="SAMEORIGIN" />
			<xss-protection block="false"/>
		</headers>
		<access-denied-handler error-page="/login" />

		<!-- <intercept-url pattern="/**" access="permitALL"/> -->
		<intercept-url pattern="/login" access="permitAll" />
		<intercept-url pattern="/dealerdashboard" access="isAuthenticated()" />
		<!-- <intercept-url pattern="/admin*" access="isAuthenticated()"></intercept-url> -->
<!-- 		<intercept-url pattern="/CanteenReport" access="hasAnyRole('ROLE_ADMIN')" /> -->
<!-- 		<intercept-url pattern="/weeklytemp" access="hasAnyRole('ROLE_ADMIN,ROLE_USER,ROLE_DBOY')" /> -->


		<form-login login-page="/login" login-processing-url="/login"
			authentication-success-handler-ref="loginHandler"
			authentication-failure-url="/login?auth=failure" default-target-url="/login"></form-login>
		
				
		<logout invalidate-session="true" logout-success-url="/login"
			delete-cookies="JSESSIONID" />
			

		<session-management invalid-session-url="/login">
			<concurrency-control max-sessions="100"
				error-if-maximum-exceeded="true" expired-url="/logout" />
		</session-management>
		<csrf />
		
	</http>

	<authentication-manager>
		<authentication-provider ref="customAuthProvider">

		</authentication-provider>
	</authentication-manager>

	<beans:bean id="customAuthProvider" class="com.mahindra.dairy.springconfig.CustomAuthProvider" />
	<beans:bean id="loginHandler" class="com.mahindra.dairy.springconfig.CustomSuccessHandler" />

</beans:beans>